﻿Age,Height,Weight,Gender,Likeness
27,170.69,76,Male,Biryani
41,165,70,Male,Biryani
29,171,80,Male,Biryani
27,173,102,Male,Biryani
29,164,67,Male,Biryani
28,174,46,Female,Biryani
27,151,64.3,Female,Biryani
34,176.5,98,Male,Biryani
32,181,87.5,Male,Biryani
22,184.5,80,Male,Biryani
29,163.5,65,Male,Pakora
29,176,78,Male,Samosa
23,178,62,Male,Samosa
28,168,74,Male,Biryani
25,165,102,Male,Biryani
27,174,78,Male,Samosa
33,162,93,Male,Biryani
28,176.5,68,Male,Biryani
21,5.6,71.5,Male,Samosa
25,185.9,135,Male,Biryani
24,182,82,Male,Biryani
